{"cameraMode":{"drawMode":0,"name":"Shaded","section":"Shading Mode"},"sceneLighting":true,"audioPlay":false,"sceneViewState":{"showFog":true,"showMaterialUpdate":false,"showSkybox":true,"showFlares":true,"showImageEffects":true,"showParticleSystems":true},"in2DMode":false,"pivot":{"x":-3.947208881378174,"y":0.8574566841125488,"z":0.9162693023681641},"rotation":{"x":-0.08372018486261368,"y":0.8810086846351624,"z":-0.170175239443779,"w":-0.43342527747154238},"size":10.0,"orthographic":false}