{"cameraMode":{"drawMode":0,"name":"Shaded","section":"Shading Mode"},"sceneLighting":false,"audioPlay":false,"sceneViewState":{"showFog":true,"showMaterialUpdate":false,"showSkybox":false,"showFlares":true,"showImageEffects":true,"showParticleSystems":true},"in2DMode":false,"pivot":{"x":7.211767196655273,"y":-0.3858799934387207,"z":-3.2791080474853517},"rotation":{"x":-0.08372018486261368,"y":0.8810086846351624,"z":-0.170175239443779,"w":-0.43342527747154238},"size":144.540283203125,"orthographic":false}